quarter,specialty_code,specialty_name,total_occupied_beds,quarter_order
Q1,180,Accident & Emergency,638.1978021978022,1
Q2,180,Accident & Emergency,640.5108695652174,2
Q3,180,Accident & Emergency,626.4239130434783,3
Q4,180,Accident & Emergency,545.1444444444445,4
Q1,326,Acute Internal Medicine,2982.5164835164833,1
Q2,326,Acute Internal Medicine,2894.945652173913,2
Q3,326,Acute Internal Medicine,3127.1195652173915,3
Q4,326,Acute Internal Medicine,3159.9555555555557,4
Q1,710,Adult Mental Illness,8526.593406593407,1
Q2,710,Adult Mental Illness,8951.684782608696,2
Q3,710,Adult Mental Illness,8835.608695652174,3
Q4,710,Adult Mental Illness,8762.955555555556,4
Q1,317,Allergy,0.17582417582417584,1
Q2,317,Allergy,0.05434782608695652,2
Q3,317,Allergy,0.44565217391304346,3
Q4,317,Allergy,0.08888888888888889,4
Q1,190,Anaesthetics,78.45054945054945,1
Q2,190,Anaesthetics,89.5,2
Q3,190,Anaesthetics,82.91304347826087,3
Q4,190,Anaesthetics,83.16666666666667,4
Q1,310,Audiological Medicine,0.03296703296703297,1
Q2,310,Audiological Medicine,0.717391304347826,2
Q3,310,Audiological Medicine,0.06521739130434782,3
Q4,310,Audiological Medicine,0.13333333333333333,4
Q1,821,Blood Transfusion,0.01098901098901099,1
Q3,821,Blood Transfusion,0.010869565217391304,3
Q4,821,Blood Transfusion,0.022222222222222223,4
Q1,320,Cardiology,4535.505494505494,1
Q2,320,Cardiology,4445.445652173913,2
Q3,320,Cardiology,4470.358695652174,3
Q4,320,Cardiology,4539.1,4
Q1,170,Cardiothoracic Surgery,1053.142857142857,1
Q2,170,Cardiothoracic Surgery,1106.2391304347825,2
Q3,170,Cardiothoracic Surgery,1081.1521739130435,3
Q4,170,Cardiothoracic Surgery,1071.5111111111112,4
Q1,822,Chemical Pathology,9.241758241758241,1
Q2,822,Chemical Pathology,38.880434782608695,2
Q3,822,Chemical Pathology,0.16304347826086957,3
Q4,822,Chemical Pathology,0.07777777777777778,4
Q1,711,Child & Adolescent Psychiatry,386.7802197802198,1
Q2,711,Child & Adolescent Psychiatry,374.0108695652174,2
Q3,711,Child & Adolescent Psychiatry,374.6304347826087,3
Q4,711,Child & Adolescent Psychiatry,348.15555555555557,4
Q1,311,Clinical Genetics,0.6043956043956044,1
Q2,311,Clinical Genetics,1.1521739130434783,2
Q3,311,Clinical Genetics,0.923913043478261,3
Q4,311,Clinical Genetics,0.11111111111111112,4
Q1,303,Clinical Haematology,1684.7692307692307,1
Q2,303,Clinical Haematology,1693.9673913043478,2
Q3,303,Clinical Haematology,1659.858695652174,3
Q4,303,Clinical Haematology,1653.5555555555554,4
Q1,313,Clinical Immunology & Allergy,8.901098901098901,1
Q2,313,Clinical Immunology & Allergy,14.206521739130435,2
Q3,313,Clinical Immunology & Allergy,6.434782608695652,3
Q4,313,Clinical Immunology & Allergy,7.033333333333333,4
Q1,401,Clinical Neuro-Physiology,8.142857142857144,1
Q2,401,Clinical Neuro-Physiology,7.032608695652174,2
Q3,401,Clinical Neuro-Physiology,6.586956521739131,3
Q4,401,Clinical Neuro-Physiology,7.333333333333333,4
Q1,800,Clinical Oncology,774.3626373626373,1
Q2,800,Clinical Oncology,773.8369565217391,2
Q3,800,Clinical Oncology,759.7391304347826,3
Q4,800,Clinical Oncology,763.5333333333333,4
Q1,305,Clinical Pharmacology,39.395604395604394,1
Q2,305,Clinical Pharmacology,28.97826086956522,2
Q3,305,Clinical Pharmacology,36.20652173913044,3
Q4,305,Clinical Pharmacology,35.53333333333333,4
Q1,304,Clinical Physiology,0.07692307692307693,1
Q2,304,Clinical Physiology,0.10869565217391304,2
Q3,304,Clinical Physiology,0.11956521739130435,3
Q4,304,Clinical Physiology,0.14444444444444443,4
Q1,900,Community Medicine,83.94505494505493,1
Q2,900,Community Medicine,67.03260869565217,2
Q3,900,Community Medicine,68.4782608695652,3
Q4,900,Community Medicine,69.61111111111111,4
Q1,192,Critical Care Medicine,134.75824175824175,1
Q2,192,Critical Care Medicine,256.17391304347825,2
Q3,192,Critical Care Medicine,125.83695652173913,3
Q4,192,Critical Care Medicine,142.96666666666667,4
Q1,450,Dental Medicine Specialties,0.06593406593406594,1
Q2,450,Dental Medicine Specialties,0.021739130434782608,2
Q3,450,Dental Medicine Specialties,0.10869565217391304,3
Q4,450,Dental Medicine Specialties,0.08888888888888888,4
Q1,330,Dermatology,47.8021978021978,1
Q2,330,Dermatology,37.82608695652174,2
Q3,330,Dermatology,47.5,3
Q4,330,Dermatology,32.52222222222222,4
Q1,120,ENT,765.8901098901099,1
Q2,120,ENT,763.0,2
Q3,120,ENT,777.2282608695652,3
Q4,120,ENT,765.5222222222222,4
Q1,302,Endocrinology,2315.32967032967,1
Q2,302,Endocrinology,2281.695652173913,2
Q3,302,Endocrinology,2352.0,3
Q4,302,Endocrinology,2268.711111111111,4
Q1,146,Endontics,0.04395604395604396,1
Q2,146,Endontics,0.09782608695652174,2
Q3,146,Endontics,0.08695652173913043,3
Q4,146,Endontics,0.1,4
Q1,712,Forensic Psychiatry,3571.4615384615386,1
Q2,712,Forensic Psychiatry,3801.163043478261,2
Q3,712,Forensic Psychiatry,3802.413043478261,3
Q4,712,Forensic Psychiatry,3834.9666666666667,4
Q1,301,Gastroenterology,3645.4395604395604,1
Q2,301,Gastroenterology,3657.1304347826085,2
Q3,301,Gastroenterology,3699.554347826087,3
Q4,301,Gastroenterology,3718.0222222222224,4
Q1,300,General Medicine,20693.79120879121,1
Q2,300,General Medicine,20297.130434782608,2
Q3,300,General Medicine,20539.554347826088,3
Q4,300,General Medicine,20812.17777777778,4
Q2,820,General Pathology,0.06521739130434782,2
Q3,820,General Pathology,0.10869565217391305,3
Q4,820,General Pathology,0.5,4
Q1,100,General Surgery,9168.648351648351,1
Q2,100,General Surgery,9049.695652173912,2
Q3,100,General Surgery,8710.902173913044,3
Q4,100,General Surgery,8648.222222222223,4
Q1,360,Genito-Urinary Medicine,35.64835164835165,1
Q2,360,Genito-Urinary Medicine,32.01086956521739,2
Q3,360,Genito-Urinary Medicine,21.793478260869566,3
Q4,360,Genito-Urinary Medicine,60.58888888888889,4
Q1,430,Geriatric Medicine,16558.945054945056,1
Q2,430,Geriatric Medicine,15992.717391304348,2
Q3,430,Geriatric Medicine,16458.58695652174,3
Q4,430,Geriatric Medicine,16545.51111111111,4
Q1,502,Gynaecology,1157.5604395604396,1
Q2,502,Gynaecology,1212.9130434782608,2
Q3,502,Gynaecology,1149.1195652173913,3
Q4,502,Gynaecology,1174.7666666666667,4
Q1,823,Haematology,182.60439560439562,1
Q2,823,Haematology,166.43478260869566,2
Q3,823,Haematology,186.15217391304347,3
Q4,823,Haematology,188.64444444444445,4
Q1,824,Histopathology,0.15384615384615385,1
Q2,824,Histopathology,0.14130434782608695,2
Q3,824,Histopathology,0.07608695652173914,3
Q4,824,Histopathology,0.23333333333333334,4
Q1,830,Immunopathology,0.7252747252747254,1
Q2,830,Immunopathology,0.5869565217391305,2
Q3,830,Immunopathology,0.7934782608695652,3
Q4,830,Immunopathology,2.8222222222222224,4
Q1,350,Infectious Diseases,586.2967032967033,1
Q2,350,Infectious Diseases,586.1847826086956,2
Q3,350,Infectious Diseases,607.7282608695652,3
Q4,350,Infectious Diseases,646.5888888888888,4
Q1,700,Learning Disability,432.3626373626374,1
Q2,700,Learning Disability,432.6847826086956,2
Q3,700,Learning Disability,452.35869565217394,3
Q4,700,Learning Disability,432.9,4
Q2,833,Medical Microbiology,0.3695652173913044,2
Q3,833,Medical Microbiology,1.673913043478261,3
Q4,833,Medical Microbiology,2.922222222222222,4
Q1,831,Medical Microbiology and Virology,5.516483516483516,1
Q2,831,Medical Microbiology and Virology,3.0869565217391304,2
Q3,831,Medical Microbiology and Virology,1.076086956521739,3
Q4,831,Medical Microbiology and Virology,5.677777777777778,4
Q1,370,Medical Oncology,814.3516483516484,1
Q2,370,Medical Oncology,849.0108695652174,2
Q3,370,Medical Oncology,804.054347826087,3
Q4,370,Medical Oncology,845.411111111111,4
Q2,460,Medical Ophthalmology,0.13043478260869565,2
Q3,460,Medical Ophthalmology,0.03260869565217391,3
Q4,460,Medical Ophthalmology,0.3222222222222222,4
Q1,361,Nephrology,1771.6703296703297,1
Q2,361,Nephrology,1743.304347826087,2
Q3,361,Nephrology,1707.9673913043478,3
Q4,361,Nephrology,1666.0555555555557,4
Q1,400,Neurology,1354.043956043956,1
Q2,400,Neurology,1325.3260869565217,2
Q3,400,Neurology,1407.0434782608695,3
Q4,400,Neurology,1331.2,4
Q1,150,Neurosurgery,1283.2857142857142,1
Q2,150,Neurosurgery,1276.336956521739,2
Q3,150,Neurosurgery,1244.358695652174,3
Q4,150,Neurosurgery,1222.3777777777777,4
Q1,371,Nuclear Medicine,0.4395604395604396,1
Q2,371,Nuclear Medicine,0.44565217391304346,2
Q3,371,Nuclear Medicine,0.42391304347826086,3
Q4,371,Nuclear Medicine,0.7999999999999999,4
Q1,501,Obstetrics,4494.934065934066,1
Q2,501,Obstetrics,4564.0,2
Q3,501,Obstetrics,4466.163043478261,3
Q4,501,Obstetrics,4270.933333333333,4
Q1,901,Occupational Medicine,0.01098901098901099,1
Q2,901,Occupational Medicine,0.05434782608695652,2
Q4,901,Occupational Medicine,0.011111111111111112,4
Q1,715,Old Age Psychiatry,2940.813186813187,1
Q2,715,Old Age Psychiatry,3066.858695652174,2
Q3,715,Old Age Psychiatry,3074.554347826087,3
Q4,715,Old Age Psychiatry,2973.511111111111,4
Q1,130,Ophthalmology,81.79120879120879,1
Q2,130,Ophthalmology,76.82608695652173,2
Q3,130,Ophthalmology,80.1086956521739,3
Q4,130,Ophthalmology,88.48888888888888,4
Q1,145,Oral & Maxillo Facial Surgery,153.87912087912088,1
Q2,145,Oral & Maxillo Facial Surgery,165.57608695652175,2
Q3,145,Oral & Maxillo Facial Surgery,153.8913043478261,3
Q4,145,Oral & Maxillo Facial Surgery,147.92222222222222,4
Q1,140,Oral Surgery,94.41758241758242,1
Q2,140,Oral Surgery,92.46739130434783,2
Q3,140,Oral Surgery,90.76086956521739,3
Q4,140,Oral Surgery,81.0,4
Q1,143,Orthodontics,0.32967032967032966,1
Q2,143,Orthodontics,0.3695652173913043,2
Q3,143,Orthodontics,0.05434782608695652,3
Q4,143,Orthodontics,0.011111111111111112,4
Q1,321,Paediatric Cardiology,84.63736263736264,1
Q2,321,Paediatric Cardiology,90.02173913043478,2
Q3,321,Paediatric Cardiology,92.70652173913044,3
Q4,321,Paediatric Cardiology,80.73333333333333,4
Q1,142,Paediatric Dentistry,1.4285714285714286,1
Q2,142,Paediatric Dentistry,0.5978260869565217,2
Q3,142,Paediatric Dentistry,1.5326086956521738,3
Q4,142,Paediatric Dentistry,1.5666666666666667,4
Q1,421,Paediatric Neurology,47.48351648351648,1
Q2,421,Paediatric Neurology,45.84782608695652,2
Q3,421,Paediatric Neurology,47.96739130434783,3
Q4,421,Paediatric Neurology,38.9,4
Q1,171,Paediatric Surgery,188.010989010989,1
Q2,171,Paediatric Surgery,195.6304347826087,2
Q3,171,Paediatric Surgery,188.0326086956522,3
Q4,171,Paediatric Surgery,179.74444444444444,4
Q1,420,Paediatrics,3089.131868131868,1
Q2,420,Paediatrics,2856.673913043478,2
Q3,420,Paediatrics,3338.7934782608695,3
Q4,420,Paediatrics,3156.6222222222223,4
Q1,315,Palliative Medicine,262.5054945054945,1
Q2,315,Palliative Medicine,269.85869565217394,2
Q3,315,Palliative Medicine,269.2173913043478,3
Q4,315,Palliative Medicine,286.43333333333334,4
Q4,147,Peridontics,0.2222222222222222,4
Q1,160,Plastic Surgery,442.57142857142856,1
Q2,160,Plastic Surgery,441.6521739130435,2
Q3,160,Plastic Surgery,414.32608695652175,3
Q4,160,Plastic Surgery,413.65555555555557,4
Q1,713,Psychotherapy,10.56043956043956,1
Q2,713,Psychotherapy,9.51086956521739,2
Q3,713,Psychotherapy,7.836956521739131,3
Q4,713,Psychotherapy,8.788888888888888,4
Q1,810,Radiology,42.73626373626374,1
Q2,810,Radiology,40.59782608695652,2
Q3,810,Radiology,92.07608695652173,3
Q4,810,Radiology,35.34444444444444,4
Q1,314,Rehabilitation,1783.7252747252746,1
Q2,314,Rehabilitation,1767.3695652173913,2
Q3,314,Rehabilitation,1854.8260869565217,3
Q4,314,Rehabilitation,1746.7666666666667,4
Q1,141,Restorative Dentistry,0.13186813186813187,1
Q2,141,Restorative Dentistry,0.16304347826086957,2
Q3,141,Restorative Dentistry,0.08695652173913043,3
Q4,141,Restorative Dentistry,1.0555555555555556,4
Q1,410,Rheumatology,331.8021978021978,1
Q2,410,Rheumatology,305.2173913043478,2
Q3,410,Rheumatology,312.9782608695652,3
Q4,410,Rheumatology,321.85555555555555,4
Q1,451,Special Care Dentistry,0.3626373626373626,1
Q2,451,Special Care Dentistry,0.07608695652173914,2
Q3,451,Special Care Dentistry,0.08695652173913043,3
Q4,451,Special Care Dentistry,0.05555555555555555,4
Q1,325,Sport and Exercise Medicine,0.01098901098901099,1
Q2,325,Sport and Exercise Medicine,0.11956521739130435,2
Q3,325,Sport and Exercise Medicine,0.010869565217391304,3
Q2,149,Surgical Dentistry,0.010869565217391304,2
Q4,149,Surgical Dentistry,0.044444444444444446,4
Q1,340,Thoracic Medicine,5672.681318681319,1
Q2,340,Thoracic Medicine,5673.880434782609,2
Q3,340,Thoracic Medicine,5955.45652173913,3
Q4,340,Thoracic Medicine,5940.833333333333,4
Q1,110,Trauma & Orthopaedics,8343.307692307691,1
Q2,110,Trauma & Orthopaedics,8074.880434782609,2
Q3,110,Trauma & Orthopaedics,8056.858695652174,3
Q4,110,Trauma & Orthopaedics,7875.322222222222,4
Q1,352,Tropical Medicine,9.703296703296703,1
Q2,352,Tropical Medicine,1.0,2
Q3,352,Tropical Medicine,2.9239130434782608,3
Q4,352,Tropical Medicine,1.6333333333333333,4
Q1,101,Urology,1739.1978021978023,1
Q2,101,Urology,1791.9673913043478,2
Q3,101,Urology,1702.554347826087,3
Q4,101,Urology,1707.4666666666667,4
Q1,107,Vascular Surgery,559.2967032967033,1
Q2,107,Vascular Surgery,530.2934782608695,2
Q3,107,Vascular Surgery,542.945652173913,3
Q4,107,Vascular Surgery,612.4,4
